{
  "train_loss": [
    0.2472425778222084,
    0.21247962307214738,
    0.20708837866306304,
    0.2051527790927887,
    0.20370980002641678,
    0.20282390332937242,
    0.20211089201688767,
    0.20143820619106292,
    0.20085036606073378,
    0.20045606210947037,
    0.2001212178373337,
    0.19954303899765014,
    0.19929416346788406,
    0.1992324290060997,
    0.19909731064558028,
    0.19882409589767455,
    0.19876874309539794,
    0.19865497850179673,
    0.19864457423448562
  ],
  "val_loss": [
    0.21854618132114412,
    0.21094226591587067,
    0.20187353357076646,
    0.20418830872774124,
    0.203850157725811,
    0.2038424304962158,
    0.20520419924259187,
    0.20161636074781417,
    0.20896270971298217,
    0.20029932820796967,
    0.19900928678512572,
    0.20273551131486892,
    0.21001950153112411,
    0.1994050552248955,
    0.19994268238544463,
    0.19965541232824324,
    0.19990353128910066,
    0.19958281601667405,
    0.19945278545618056
  ],
  "train_acc": [
    0.97168,
    0.99259,
    0.99546,
    0.99651,
    0.99723,
    0.99776,
    0.99817,
    0.99843,
    0.99877,
    0.99893,
    0.99917,
    0.9995,
    0.99954,
    0.9996,
    0.99972,
    0.99983,
    0.99986,
    0.99994,
    0.99993
  ],
  "val_acc": [
    0.988,
    0.9929,
    0.99825,
    0.9971,
    0.99705,
    0.9972,
    0.9966,
    0.9984,
    0.99465,
    0.9991,
    0.99975,
    0.9975,
    0.9934,
    0.9995,
    0.99925,
    0.9995,
    0.99935,
    0.9995,
    0.9996
  ],
  "val_auc": [
    0.9996007049999999,
    0.9999752049999999,
    0.999989,
    0.9997739,
    0.99998906,
    0.99988011,
    0.99992185,
    0.99999719,
    0.999980875,
    0.99999982,
    0.99999981,
    0.9999001150000001,
    0.999901505,
    0.99999997,
    0.99999437,
    0.99999893,
    0.999904785,
    0.9999986000000001,
    0.999988565
  ]
}